emp_id,first_name,last_name,email,gender,ssn,dob,Age
1,Christian,Speedin,cspeedin0@google.co.jp,Female,5065889058,04-12-1999,23
2,Gardner,Leguay,gleguay1@nationalgeographic.com,Male,4250644782,20-05-1990,32
3,Flory,Binnion,fbinnion2@oakley.com,Male,3176294093,10-05-1982,40
4,Eziechiele,Swaisland,eswaisland3@mysql.com,Male,8486576679,28-07-1988,34
5,Trever,Pawfoot,tpawfoot4@arizona.edu,Male,5194927827,08-11-1992,30
6,Sherwynd,Dewi,sdewi5@narod.ru,Male,3875170288,10-12-1992,30
7,Alix,Feary,afeary6@lycos.com,Female,5834548105,05-03-1988,34
8,Clare,Felten,cfelten7@economist.com,Female,7464467671,07-06-1984,38
9,Panchito,Blazewski,pblazewski8@netlog.com,Male,9707315695,21-12-1994,27
10,Dynah,Ricardon,dricardon9@edublogs.org,Genderfluid,3672516716,28-07-1999,23
11,Phylys,Nieass,pnieassa@google.fr,Female,8831857169,25-12-1985,36
12,Hanny,Lightbown,hlightbownb@chron.com,Female,8786898434,23-09-1997,25
13,Rosanna,Mattock,rmattockc@ow.ly,Female,9982269089,02-11-1987,35
14,Lilian,Cloughton,lcloughtond@goo.gl,Female,7152137277,03-12-1983,39
15,Sorcha,Ceschelli,sceschellie@soundcloud.com,Female,4379910911,14-04-1997,25
16,Red,McDonnell,rmcdonnellf@yolasite.com,Male,8944999961,12-05-1994,28
17,Kacie,McNelly,kmcnellyg@blogtalkradio.com,Female,9195282777,13-07-1999,23
18,Dorthea,Skotcher,dskotcherh@de.vu,Female,6965638850,07-10-1993,29
19,Shani,Ferreira,sferreirai@economist.com,Female,2781079448,14-02-1999,23
20,Aili,Jouanny,ajouannyj@webeden.co.uk,Female,5347755903,26-06-1992,30
21,August,Senyard,asenyardk@tripod.com,Male,7709877915,05-08-1989,33
22,Odell,Dominelli,odominellil@google.ru,Male,2644158680,17-03-1998,24
23,Jason,Rabbage,jrabbagem@angelfire.com,Male,3738041168,04-05-1998,24
24,Nikolos,Spurr,nspurrn@boston.com,Male,3231028817,11-04-1985,37
25,Zelma,Ortelt,zortelto@prweb.com,Female,3760556604,30-09-1990,32
26,Dorise,Dronsfield,ddronsfieldp@wsj.com,Female,4040919424,26-11-1991,31
27,Meagan,Stoggell,mstoggellq@vk.com,Female,2516727445,10-03-1998,24
28,Adlai,Skayman,askaymanr@ocn.ne.jp,Agender,857986880,18-01-1999,23
29,Winfield,Ramsted,wramsteds@fda.gov,Male,5160888160,22-11-1983,39
30,Deloria,Demange,ddemanget@paypal.com,Female,428974198,17-10-1995,27
31,Darelle,Gosswell,dgosswellu@samsung.com,Genderfluid,2276680482,12-08-1990,32
32,Marita,Elsip,melsipv@edublogs.org,Female,4580527690,16-02-1986,36
33,Nike,Setterington,nsetteringtonw@jimdo.com,Female,2142434983,27-12-1987,34
34,Vanya,Drain,vdrainx@bizjournals.com,Female,9867656539,09-07-1991,31
35,Clarinda,Gorbell,cgorbelly@phpbb.com,Female,6091337815,20-08-1995,27
36,Rich,Brothers,rbrothersz@i2i.jp,Male,4011610879,02-02-1995,27
37,Tatiania,Morland,tmorland10@freewebs.com,Female,6869998345,15-04-1994,28
38,Talyah,Gillinghams,tgillinghams11@opensource.org,Polygender,7050148091,08-05-1989,33
39,Merci,Durker,mdurker12@is.gd,Female,9151440067,02-12-1991,31
40,Maxy,Duinbleton,mduinbleton13@lycos.com,Female,819692530,06-12-1983,39
41,Marylee,Folshom,mfolshom14@independent.co.uk,Female,5035636615,15-07-1988,34
42,Dulcinea,Kik,dkik15@slideshare.net,Female,4885748577,15-09-1993,29
43,Wallache,Vigours,wvigours16@oaic.gov.au,Male,7400634992,13-11-1983,39
44,Derwin,Scudders,dscudders17@smugmug.com,Male,8718247113,10-03-2000,22
45,Kissie,Suero,ksuero18@techcrunch.com,Female,2422795390,25-03-1986,36
46,Kristyn,Abbes,kabbes19@lycos.com,Female,4009806583,26-11-1986,36
47,Laverne,Cawston,lcawston1a@csmonitor.com,Genderfluid,1039245625,13-08-1981,41
48,Shelden,Stephens,sstephens1b@bbb.org,Male,3286465615,24-12-1982,39
49,Lorne,Wollacott,lwollacott1c@unesco.org,Male,4968980337,10-10-1984,38
50,Aurelea,Osbaldeston,aosbaldeston1d@yahoo.co.jp,Female,6682745613,19-07-1999,23
51,Saunderson,Peet,speet1e@zimbio.com,Male,4494845493,25-01-1981,41
52,Bendix,Gettings,bgettings1f@php.net,Male,1708075704,13-04-1986,36
53,Zulema,Bartolomeo,zbartolomeo1g@vimeo.com,Female,8337106611,19-03-1986,36
54,Betty,Rodinger,brodinger1h@harvard.edu,Female,1728776457,23-02-1991,31
55,Mag,Braham,mbraham1i@earthlink.net,Female,8144261380,26-11-2000,22
56,Shannah,Steketee,ssteketee1j@china.com.cn,Female,2075370079,22-09-1988,34
57,Jan,Dunbobin,jdunbobin1k@blog.com,Male,4876495335,27-08-1991,31
58,Dallas,McTrustey,dmctrustey1l@slideshare.net,Male,2264236108,13-03-1982,40
59,Nestor,Dobbson,ndobbson1m@topsy.com,Male,7170865467,24-03-1991,31
60,Verina,Broadnicke,vbroadnicke1n@nytimes.com,Female,8047417185,17-07-1988,34
61,Natividad,Shannon,nshannon1o@yahoo.co.jp,Female,9433918886,30-11-1996,26
62,Giustina,Willishire,gwillishire1p@discuz.net,Female,9248558976,05-11-1998,24
63,Susana,Huey,shuey1q@gmpg.org,Female,3984677952,05-04-1984,38
64,Wald,Corrin,wcorrin1r@paypal.com,Male,4181110133,18-09-1989,33
65,Colver,Aspy,caspy1s@ameblo.jp,Male,7829107572,17-07-1987,35
66,Hannis,Drayton,hdrayton1t@cmu.edu,Agender,9116952073,20-03-1986,36
67,Reed,Valens-Smith,rvalenssmith1u@booking.com,Male,6097884753,07-04-1984,38
68,Rosie,Jurries,rjurries1v@barnesandnoble.com,Female,1507680732,14-06-1995,27
69,Belita,Blackie,bblackie1w@blog.com,Female,672912945,13-04-1996,26
70,Gabe,Chart,gchart1x@springer.com,Non-binary,4734065047,28-08-1981,41
71,Ax,Gantley,agantley1y@quantcast.com,Male,3146463873,17-04-1986,36
72,Alaster,Ralestone,aralestone1z@va.gov,Male,9417373242,12-09-1998,24
73,Karolina,Marl,kmarl20@goodreads.com,Female,1112157948,12-05-2000,22
74,Anni,Lockhart,alockhart21@sina.com.cn,Female,9887738174,27-07-1986,36
75,Noble,Habershaw,nhabershaw22@bandcamp.com,Male,7024683600,17-12-1985,36
76,Burnaby,Banat,bbanat23@furl.net,Male,2437356118,25-01-1996,26
77,Anni,Stickins,astickins24@tmall.com,Female,9515547067,29-08-1998,24
78,Dominik,Bramble,dbramble25@ftc.gov,Male,8167375471,20-02-1988,34
79,Filip,Jatczak,fjatczak26@wikia.com,Male,5965717156,15-05-1986,36
80,Lola,Spencley,lspencley27@ted.com,Female,9663698241,11-12-1995,27
81,Abie,Licence,alicence28@cbsnews.com,Male,8433162462,28-07-1987,35
82,Hope,Peizer,hpeizer29@jalbum.net,Female,2434457193,22-04-1989,33
83,Silva,Fishwick,sfishwick2a@slate.com,Bigender,841546746,17-04-1991,31
84,Deeann,Gittens,dgittens2b@technorati.com,Female,3773019475,30-05-1995,27
85,Della,Diggar,ddiggar2c@hostgator.com,Female,8962458276,13-08-2000,22
86,Adriaens,Snel,asnel2d@creativecommons.org,Female,7115955573,11-12-1987,35
87,Chaddie,Balden,cbalden2e@google.com.hk,Male,4556293286,10-10-1988,34
88,Claudian,Frackiewicz,cfrackiewicz2f@networksolutions.com,Male,6344286067,17-05-1983,39
89,Kelley,Gault,kgault2g@yolasite.com,Male,4507657598,03-05-1983,39
90,Susanne,Lozano,slozano2h@xrea.com,Female,4755694035,03-02-1987,35
91,Kearney,Timmermann,ktimmermann2i@creativecommons.org,Male,278795722,30-05-1998,24
92,Suzie,Bringloe,sbringloe2j@dropbox.com,Agender,7583274494,12-06-1988,34
93,Lorens,Michelotti,lmichelotti2k@jimdo.com,Male,9890613859,01-10-1983,39
94,Marieann,Kiggel,mkiggel2l@smh.com.au,Female,2764879229,22-11-1996,26
95,Paddie,Magill,pmagill2m@addtoany.com,Male,8690167544,07-01-1981,41
96,Curcio,Aspinal,caspinal2n@imdb.com,Male,1421879204,01-01-1993,29
97,Israel,Gabbett,igabbett2o@mlb.com,Male,3313124267,21-11-1998,24
98,Zara,Willbourne,zwillbourne2p@linkedin.com,Female,509129676,29-09-1989,33
99,Aubine,Capps,acapps2q@gizmodo.com,Female,7958974469,22-11-2000,22
100,Jacqui,Latimer,jlatimer2r@flickr.com,Female,9014218419,05-03-1995,27
