emp_id,first_name,last_name,email,gender,ssn,dob,age
1,Ryley,Berth,rberth0@domainmarket.com,Male,4238056752,14-12-1983,38
2,Pete,Rawls,prawls1@creativecommons.org,Male,9089384022,20-06-1986,36
3,Elisha,Malyj,emalyj2@adobe.com,Female,5244692801,12-09-1993,29
4,Demetris,Haestier,dhaestier3@mediafire.com,Male,2435034075,22-09-1989,33
5,Teodoor,Kob,tkob4@china.com.cn,Male,7131318337,24-05-1989,33
6,Cinda,Adamovitch,cadamovitch5@symantec.com,Female,6546735482,01-07-1989,33
7,Jelene,Smedmore,jsmedmore6@chronoengine.com,Female,8269710989,15-10-1988,34
8,Zebulon,Enticknap,zenticknap7@eepurl.com,Bigender,7937064277,12-08-1989,33
9,Rheta,Jukubczak,rjukubczak8@businessinsider.com,Female,7934838549,28-04-2000,22
10,Serene,Studman,sstudman9@army.mil,Female,2972062078,31-01-1990,32
11,Shirl,Waldock,swaldocka@marketwatch.com,Female,1671910583,27-04-1987,35
12,Thornie,Sayle,tsayleb@cnbc.com,Male,2427518468,24-09-1986,36
13,Kile,Bengtsson,kbengtssonc@infoseek.co.jp,Male,9122542485,29-10-1998,24
14,Chip,Coaster,ccoasterd@mapquest.com,Male,5704581307,06-09-1998,24
15,Isobel,Kerwood,ikerwoode@xinhuanet.com,Female,9928673853,17-10-1984,38
16,Neddie,Eustis,neustisf@opera.com,Male,3588050574,02-04-1982,40
17,Catharine,Tongs,ctongsg@theatlantic.com,Genderqueer,9881425298,15-02-1989,33
18,Darwin,Allerton,dallertonh@github.com,Male,9778590249,08-09-1981,41
19,Martyn,Batchan,mbatchani@smh.com.au,Male,2209117372,06-01-1991,31
20,Tomaso,De Cleyne,tdecleynej@tripadvisor.com,Male,6068082679,10-12-1996,26
21,Quintin,Kinnear,qkinneark@dagondesign.com,Male,8229842663,03-03-1999,23
22,Shirlene,Shillan,sshillanl@over-blog.com,Female,5003587015,11-05-1999,23
23,Uta,Snasdell,usnasdellm@exblog.jp,Female,9049902030,27-02-1994,28
24,Marji,Ewington,mewingtonn@mapy.cz,Female,5943753095,30-10-1989,33
25,Elbert,Leel,eleelo@dyndns.org,Male,6094980859,16-08-1995,27
26,Dur,Mockford,dmockfordp@domainmarket.com,Bigender,9116844556,06-09-1993,29
27,Aurora,Matantsev,amatantsevq@disqus.com,Female,566630338,28-09-1983,39
28,Ora,Swindlehurst,oswindlehurstr@jugem.jp,Female,8940392000,27-03-1986,36
29,Augusto,Santer,asanters@narod.ru,Male,1667888838,27-04-1987,35
30,Martha,Briers,mbrierst@amazon.co.uk,Female,1390149862,05-07-1987,35
31,Sterne,Brickhill,sbrickhillu@state.gov,Male,650524632,12-11-1997,25
32,Cybill,Pendrid,cpendridv@homestead.com,Female,4142995030,11-08-1992,30
33,Claretta,Dowzell,cdowzellw@shop-pro.jp,Female,6416283530,23-05-1999,23
34,Junie,Scraggs,jscraggsx@who.int,Female,3202273345,28-08-1984,38
35,Dalli,Osborn,dosborny@hostgator.com,Male,3512062547,31-12-1991,30
36,Garnette,Mudie,gmudiez@umn.edu,Genderfluid,7788407852,22-01-1997,25
37,Murielle,Lawton,mlawton10@oracle.com,Bigender,6416206498,08-09-1991,31
38,Eleonora,Budik,ebudik11@redcross.org,Female,2467034429,21-07-1992,30
39,Layney,Gunbie,lgunbie12@umn.edu,Female,9123043202,03-08-1982,40
40,Melony,Maxwaile,mmaxwaile13@discovery.com,Female,16509056,12-08-1988,34
41,Lucine,Bugge,lbugge14@java.com,Female,2409550495,11-03-1997,25
42,Tanner,Edmans,tedmans15@alibaba.com,Male,7388149953,27-12-1993,28
43,Aleda,Willgress,awillgress16@feedburner.com,Female,8035596705,14-08-1993,29
44,Weber,Densie,wdensie17@scribd.com,Male,379510375,09-01-1996,26
45,Kata,Gildea,kgildea18@fastcompany.com,Female,7451491722,16-02-1995,27
46,Worden,Danigel,wdanigel19@ycombinator.com,Male,4309836429,05-02-1994,28
47,Yard,Hansard,yhansard1a@mozilla.com,Male,5504965608,07-06-1984,38
48,Bartlet,Petric,bpetric1b@mapquest.com,Male,9291684449,05-12-1993,29
49,Carolin,Rogliero,crogliero1c@engadget.com,Female,7478006183,28-06-1985,37
50,Fanechka,Smalman,fsmalman1d@intel.com,Female,8061302403,17-10-1985,37
51,Keen,Dowber,kdowber1e@intel.com,Male,7915783610,03-09-1982,40
52,Hernando,Cannan,hcannan1f@hud.gov,Male,2894661940,17-01-1994,28
53,Berkie,MacKomb,bmackomb1g@hostgator.com,Male,8909883235,21-11-1985,37
54,Cleve,Kleingrub,ckleingrub1h@fc2.com,Male,978534735,05-05-1988,34
55,Koral,Kornalik,kkornalik1i@apache.org,Female,4949803905,01-03-1981,41
56,Aila,Mengo,amengo1j@tripadvisor.com,Female,4957439400,01-10-1985,37
57,Bonita,Flipek,bflipek1k@netlog.com,Female,5663749616,10-11-1981,41
58,Jelene,Pinshon,jpinshon1l@chicagotribune.com,Agender,1845046420,08-02-1987,35
59,Cy,Pecht,cpecht1m@so-net.ne.jp,Male,2905380489,31-08-1982,40
60,Edd,Bucknell,ebucknell1n@tiny.cc,Male,1356237894,26-01-1992,30
61,Lulu,Woods,lwoods1o@w3.org,Agender,2845354355,13-08-1987,35
62,Tori,Kinzel,tkinzel1p@wordpress.org,Female,5697919115,21-04-1993,29
63,Letitia,Crookston,lcrookston1q@latimes.com,Female,3135368874,14-10-1993,29
64,Samuele,Mycroft,smycroft1r@hc360.com,Male,1160338507,20-08-1999,23
65,Chantal,Feare,cfeare1s@nhs.uk,Female,754914984,01-09-1995,27
66,Cissiee,Dury,cdury1t@ucsd.edu,Female,9552072999,01-11-1981,41
67,Moises,Lightoller,mlightoller1u@independent.co.uk,Male,3707205312,14-03-1986,36
68,Vick,Tembey,vtembey1v@seattletimes.com,Male,1950590445,04-08-1997,25
69,Archy,Jupp,ajupp1w@godaddy.com,Male,7566497847,08-02-1984,38
70,Elyse,Beade,ebeade1x@chronoengine.com,Female,9713276841,02-01-1997,25
71,Alick,Branchet,abranchet1y@360.cn,Male,846415658,24-04-1998,24
72,Goddart,Husthwaite,ghusthwaite1z@java.com,Male,7423356433,28-03-1994,28
73,Emiline,Stobbie,estobbie20@blogger.com,Female,8170560950,27-01-1988,34
74,Tann,Hegges,thegges21@springer.com,Male,3636239899,05-09-1989,33
75,Fabiano,Lytle,flytle22@forbes.com,Male,1443244821,02-01-1994,28
76,Forster,Jeremiah,fjeremiah23@reddit.com,Male,3589472685,20-04-1984,38
77,Reggy,Lohan,rlohan24@weibo.com,Male,927953080,26-06-1988,34
78,Jamill,Gammie,jgammie25@zdnet.com,Male,5782005823,28-03-1988,34
79,Dannie,Dachs,ddachs26@sphinn.com,Female,5724290863,07-12-1994,28
80,Annie,Scandwright,ascandwright27@squidoo.com,Female,7087619268,10-01-1988,34
81,Phylis,Breeder,pbreeder28@oaic.gov.au,Female,7401636786,10-07-1988,34
82,Aloin,Balcon,abalcon29@shutterfly.com,Male,9261490840,11-03-1991,31
83,Egan,Selman,eselman2a@github.com,Male,4196181953,19-06-1992,30
84,Weidar,Frostdick,wfrostdick2b@51.la,Male,8238672848,12-11-1981,41
85,Roth,Server,rserver2c@pagesperso-orange.fr,Male,1199281344,10-10-1990,32
86,Ilyse,Yule,iyule2d@mlb.com,Female,3019680360,10-09-1992,30
87,Ned,Edsell,nedsell2e@nyu.edu,Male,2463614056,28-04-1985,37
88,Gregor,January,gjanuary2f@bloglines.com,Male,4413202570,27-03-1993,29
89,Kirbie,Rainbow,krainbow2g@usnews.com,Female,4117651641,15-08-1992,30
90,Karyn,Bhar,kbhar2h@godaddy.com,Female,2888954494,19-08-1995,27
91,Casper,McGlone,cmcglone2i@seattletimes.com,Male,6618083125,21-12-1985,36
92,Mace,Stonuary,mstonuary2j@redcross.org,Male,7315472800,19-08-1990,32
93,Meggi,Wiffler,mwiffler2k@globo.com,Female,2268258203,14-05-1992,30
94,Wolf,Pluck,wpluck2l@shinystat.com,Male,3384187695,05-05-1996,26
95,Brigg,Toffolo,btoffolo2m@multiply.com,Male,9216464887,08-05-1993,29
96,Garland,Tweedie,gtweedie2n@topsy.com,Female,9209648943,28-01-1987,35
97,Anastasia,Gowler,agowler2o@goo.gl,Female,3122070685,04-04-1989,33
98,Aylmar,Tomovic,atomovic2p@forbes.com,Male,7710500994,18-02-1985,37
99,Rachael,Dobbinson,rdobbinson2q@alexa.com,Female,9766725691,04-05-1987,35
100,Neille,Knotte,nknotte2r@usgs.gov,Female,2487364386,23-01-1999,23
