emp_id,first_name,last_name,email,gender,ssn,dob,age
1,Jourdain,Alenichev,jalenichev0@state.tx.us,Male,6855450695,11-09-1996,26
2,Keriann,Vaskin,kvaskin1@behance.net,Non-binary,8309673086,02-05-1999,23
3,Russell,Rawe,rrawe2@ucoz.ru,Male,869505912,07-11-1999,23
4,Minnie,Pinchon,mpinchon3@wikimedia.org,Genderfluid,7069306431,18-04-1989,33
5,Franciskus,Geggus,fgeggus4@va.gov,Male,2430993694,16-05-1993,29
6,Papageno,Aurelius,paurelius5@elpais.com,Male,2238216200,22-11-1986,36
7,Lari,Daugherty,ldaugherty6@arizona.edu,Female,5827928534,01-09-1983,39
8,Alvie,Eyden,aeyden7@xinhuanet.com,Male,8935791555,19-03-1997,25
9,Raynor,Mazin,rmazin8@networkadvertising.org,Agender,8310509162,22-01-1986,36
10,Danya,Nassi,dnassi9@toplist.cz,Male,6308058475,23-03-1999,23
11,Maiga,Lafferty,mlaffertya@barnesandnoble.com,Female,7299678985,03-03-1998,24
12,Sheffield,Braim,sbraimb@loc.gov,Male,9952649746,28-11-2000,22
13,Justis,Landon,jlandonc@reference.com,Male,2134238216,13-11-1985,37
14,Marsha,Romao,mromaod@amazon.co.uk,Female,5901699688,22-09-1992,30
15,Marius,Blaszkiewicz,mblaszkiewicze@gravatar.com,Male,4778578848,16-03-1986,36
16,Minne,Careless,mcarelessf@google.com.hk,Female,242159702,17-05-1989,33
17,Davey,Lapre,dlapreg@springer.com,Male,3430172756,24-10-2000,22
18,Murdock,Tierney,mtierneyh@sourceforge.net,Agender,3379584282,06-06-1987,35
19,Clark,Quest,cquesti@yelp.com,Male,9732310413,30-05-2000,22
20,Carmencita,Longland,clonglandj@example.com,Female,9158149554,29-06-1990,32
21,Guglielmo,Harses,gharsesk@shinystat.com,Male,2239392118,30-03-1991,31
22,Marilee,Lipson,mlipsonl@cyberchimps.com,Female,5375543826,26-12-1983,38
23,Karil,Schiefersten,kschieferstenm@seesaa.net,Female,4220472975,07-11-1998,24
24,Bryna,Aucoate,baucoaten@epa.gov,Female,8885518338,16-02-1993,29
25,Inglis,Dumberrill,idumberrillo@miitbeian.gov.cn,Male,7976859870,09-04-1986,36
26,Filip,Footitt,ffootittp@state.gov,Male,9671886132,15-06-1982,40
27,Theo,Cassimer,tcassimerq@icq.com,Female,2859486518,02-09-1990,32
28,Shurlocke,Boyack,sboyackr@huffingtonpost.com,Genderqueer,8200884228,09-02-1999,23
29,Felicio,Pock,fpocks@cafepress.com,Male,8832178648,04-12-1995,27
30,Ferdinande,Burford,fburfordt@fema.gov,Female,8148092230,12-03-1985,37
31,Rheba,Dunrige,rdunrigeu@cdbaby.com,Female,3857642998,05-08-1982,40
32,Cchaddie,Franciotti,cfranciottiv@unicef.org,Male,6653597377,01-12-1983,39
33,Gannon,Maciejak,gmaciejakw@usda.gov,Male,4639312083,13-01-1994,28
34,Bart,MacClure,bmacclurex@indiatimes.com,Male,9314520269,27-06-1999,23
35,Eldon,Fishbie,efishbiey@oakley.com,Male,8118566897,21-01-1994,28
36,Arlan,Pilipets,apilipetsz@ehow.com,Male,4939883655,22-11-1992,30
37,Arden,Lamperd,alamperd10@narod.ru,Female,5354137128,20-12-1997,24
38,Charmain,Cumberlidge,ccumberlidge11@hexun.com,Female,8280430601,09-05-1991,31
39,Antonietta,Maypother,amaypother12@miitbeian.gov.cn,Female,1252082517,08-12-1995,27
40,Susan,Scherer,sscherer13@wordpress.com,Female,3351575122,09-11-1996,26
41,Marlo,Antonomolii,mantonomolii14@latimes.com,Female,8227774970,15-04-1984,38
42,Marleen,Eckly,meckly15@paypal.com,Female,8459656551,20-11-1998,24
43,Mariejeanne,Brabender,mbrabender16@tripod.com,Female,1040679609,07-01-1984,38
44,Patrice,Derycot,pderycot17@jalbum.net,Male,8331856635,20-06-1999,23
45,Phineas,Kleinmintz,pkleinmintz18@t-online.de,Male,8494017543,23-10-1984,38
46,Aindrea,Kimmons,akimmons19@tinyurl.com,Non-binary,5701399923,04-09-1995,27
47,Roderich,Jackson,rjackson1a@hhs.gov,Male,8446112051,08-06-1982,40
48,Sibylle,Harrill,sharrill1b@unesco.org,Female,1485426022,05-05-1987,35
49,Evangelia,Coogan,ecoogan1c@reverbnation.com,Female,6532422142,18-11-1987,35
50,Ruthe,Blizard,rblizard1d@nsw.gov.au,Female,3889218725,10-06-1998,24
51,Brendis,Grimbaldeston,bgrimbaldeston1e@alexa.com,Male,1146524293,29-10-1998,24
52,Aurore,Dicks,adicks1f@toplist.cz,Female,2603936611,26-11-1988,34
53,Erwin,McCleverty,emccleverty1g@yellowbook.com,Male,2298780609,16-06-1991,31
54,Isadore,Nassy,inassy1h@ehow.com,Non-binary,1955946388,04-01-1990,32
55,Bellina,Bruna,bbruna1i@wufoo.com,Female,2294438175,22-05-1988,34
56,Rachele,Alleyne,ralleyne1j@prweb.com,Female,4230401485,03-11-1988,34
57,Anastassia,Acosta,aacosta1k@livejournal.com,Female,5274794173,20-11-1996,26
58,Felipe,Jopke,fjopke1l@symantec.com,Male,8483770741,17-08-1993,29
59,Alverta,Stanyard,astanyard1m@tuttocitta.it,Female,6562877512,15-08-1986,36
60,Launce,Salomon,lsalomon1n@addthis.com,Male,5139720612,02-11-1999,23
61,Jeff,Holborn,jholborn1o@istockphoto.com,Male,2507820071,15-09-1996,26
62,Lisle,Kenchington,lkenchington1p@usatoday.com,Male,2057140601,11-10-1982,40
63,Ferrel,Mingus,fmingus1q@twitpic.com,Male,1561311391,12-12-1990,32
64,Austin,Guitonneau,aguitonneau1r@clickbank.net,Male,5622807107,03-02-1998,24
65,Thacher,Plowman,tplowman1s@webs.com,Male,7317738328,27-02-1989,33
66,Lucien,Darnody,ldarnody1t@nhs.uk,Agender,8946487224,07-11-1982,40
67,Eward,Lampens,elampens1u@jimdo.com,Male,4286136906,09-05-1983,39
68,Sue,Mournian,smournian1v@technorati.com,Female,973758945,21-03-1982,40
69,Reuven,Carley,rcarley1w@sciencedaily.com,Male,7969328504,05-12-1988,34
70,Ingrim,Hallihane,ihallihane1x@ameblo.jp,Male,3753043435,20-08-1981,41
71,Obadiah,Williment,owilliment1y@amazon.co.uk,Bigender,9226117152,17-03-1991,31
72,Sabra,Chasemore,schasemore1z@aol.com,Female,6294897394,08-12-1986,36
73,Davy,Folini,dfolini20@bluehost.com,Male,7014858270,02-02-1988,34
74,Loella,Matysik,lmatysik21@usda.gov,Agender,3891742975,17-08-1992,30
75,Emalia,Ferron,eferron22@about.com,Female,9568761349,22-02-1992,30
76,Myrvyn,Kinkead,mkinkead23@ted.com,Male,6864211096,19-03-1983,39
77,Tanny,Shorland,tshorland24@reuters.com,Male,4439546447,15-06-1997,25
78,Fidole,Wippermann,fwippermann25@comcast.net,Male,2089562544,07-10-1996,26
79,Krystle,Quinnelly,kquinnelly26@admin.ch,Female,3478484391,11-08-1997,25
80,Locke,Pharoah,lpharoah27@indiatimes.com,Male,4892936529,10-02-1997,25
81,Gail,Rattrie,grattrie28@alexa.com,Genderqueer,697134520,02-12-1990,32
82,Lenci,Baitson,lbaitson29@constantcontact.com,Polygender,2846954305,25-09-1992,30
83,Karleen,Philliskirk,kphilliskirk2a@ihg.com,Female,1410105733,25-04-1982,40
84,Kakalina,MacKeever,kmackeever2b@blinklist.com,Female,7576803088,14-06-1992,30
85,Pamella,Haborn,phaborn2c@pinterest.com,Female,6354706301,22-06-1982,40
86,Daria,Lamartine,dlamartine2d@addthis.com,Female,2222166683,21-03-2000,22
87,Adolpho,Macrae,amacrae2e@loc.gov,Non-binary,4564487159,27-08-1996,26
88,Morgana,Fluger,mfluger2f@twitter.com,Female,9831528050,10-05-1995,27
89,Wilbur,Hawkwood,whawkwood2g@naver.com,Male,4938717972,03-06-1991,31
90,Ivonne,Gerauld,igerauld2h@networkadvertising.org,Genderfluid,9995169738,26-05-1999,23
91,Kial,Fleisch,kfleisch2i@sfgate.com,Female,6707609076,02-08-1991,31
92,Torrey,McKeighan,tmckeighan2j@cam.ac.uk,Male,7252893472,14-03-1987,35
93,Carine,Knowlys,cknowlys2k@weebly.com,Female,7619602755,23-12-1993,28
94,Giralda,Mudd,gmudd2l@e-recht24.de,Female,8773689483,24-09-1998,24
95,Sherwin,Guildford,sguildford2m@home.pl,Male,5532517185,04-06-1995,27
96,Chaddie,Angell,cangell2n@washington.edu,Male,41796543,27-08-1982,40
97,Jimmy,Alleyn,jalleyn2o@t-online.de,Male,1685962157,01-05-1996,26
98,Livvie,Gwinnel,lgwinnel2p@ezinearticles.com,Female,774069562,20-03-1991,31
99,Cornie,Martlew,cmartlew2q@flickr.com,Male,3004588528,14-08-1998,24
100,Ferdinand,Phette,fphette2r@thetimes.co.uk,Male,302742115,18-07-1989,33
